,n_iter,L
0,4,1716.510322682969
1,101,1296.5333108896173
2,142,1274.469512947485
3,222,1168.0620659186322
4,1596,1153.2986108122004
5,2744,941.8708793700863
6,13962,929.6694374024203
7,18664,928.7750863243133
8,36307,908.7052966026481
9,65220,847.3339451722435
10,68166,844.3214162865247
